Date,buyT,buyP,sellT,sellP,PandL
2020-01-02,11:00:00,334.75,14:45:00,337.95714285714286,3.2071428571428555
2020-01-02,12:00:00,336.0,14:45:00,339.2642857142857,3.264285714285677
2020-01-02,13:15:00,334.25,14:45:00,336.59999999999997,2.349999999999966
2020-01-03,10:15:00,353.8,15:15:00,346.0,-7.800000000000011
2020-01-03,13:15:00,351.55,14:45:00,344.26428571428573,-7.285714285714278
2020-01-08,09:45:00,332.75,15:15:00,331.25,-1.5
2020-01-08,15:00:00,332.0,15:15:00,331.25,-0.75
2020-01-09,09:15:00,334.4,09:45:00,339.48571428571427,5.085714285714289
2020-01-13,11:30:00,336.0,15:15:00,334.0,-2.0
2020-01-13,12:30:00,337.0,15:15:00,334.0,-3.0
2020-01-16,14:00:00,340.75,15:15:00,339.9,-0.8500000000000227
2020-01-17,12:15:00,343.65,15:15:00,339.25,-4.399999999999977
2020-01-16,11:00:00,340.0,15:15:00,339.9,-0.10000000000002274
2020-02-01,09:15:00,339.0,10:00:00,345.56428571428575,6.564285714285745
2020-01-31,14:15:00,332.35,14:45:00,326.2321428571429,-6.117857142857133
2020-01-31,13:00:00,323.15,14:15:00,325.96428571428567,2.8142857142856883
2020-02-05,12:45:00,336.9,15:15:00,339.2571428571428,2.357142857142833
2020-02-06,15:00:00,338.4,15:15:00,340.0,1.6000000000000227
2020-02-11,12:30:00,333.8,15:15:00,338.0,4.199999999999989
2020-02-11,15:00:00,337.15,15:15:00,338.0,0.8500000000000227
2020-02-19,14:00:00,310.5,15:15:00,309.7,-0.8000000000000114
2020-02-20,11:45:00,316.6,15:15:00,320.39285714285717,3.7928571428571445
2020-02-20,09:30:00,317.75,15:15:00,321.45000000000005,3.7000000000000455
2020-02-20,15:15:00,324.55,15:15:00,324.55,0.0
2020-02-19,11:30:00,310.25,15:15:00,309.7,-0.5500000000000114
2020-03-02,13:15:00,260.55,14:45:00,256.8107142857143,-3.7392857142856997
2020-03-02,12:15:00,260.65,15:00:00,248.8535714285714,-11.796428571428578
2020-03-02,11:00:00,261.55,15:00:00,248.54285714285717,-13.007142857142838
2020-03-05,13:15:00,253.0,14:30:00,250.12857142857143,-2.8714285714285666
2020-03-13,15:00:00,177.0,15:15:00,179.5,2.5
2020-03-16,10:00:00,182.4,10:15:00,192.89285714285714,10.492857142857133
2020-03-19,10:15:00,211.2,15:15:00,203.0,-8.199999999999989
2020-03-19,13:45:00,208.5,15:15:00,199.48928571428573,-9.010714285714272
2020-03-25,15:15:00,192.0,15:15:00,192.0,0.0
2020-03-26,14:45:00,195.75,15:15:00,191.0,-4.75
2020-03-26,10:15:00,194.5,15:15:00,191.0,-3.5
2020-03-27,09:30:00,197.0,15:15:00,186.5,-10.5
2020-03-25,11:30:00,183.75,13:45:00,192.3857142857143,8.6357142857143
2020-03-26,14:00:00,192.65,15:15:00,191.0,-1.6500000000000057
2020-03-31,10:30:00,185.85,15:15:00,190.0,4.150000000000006
2020-03-31,14:30:00,188.0,15:15:00,190.0,2.0
2020-03-31,12:45:00,187.5,15:15:00,190.0,2.5
2020-04-01,15:15:00,191.9,15:15:00,191.9,0.0
2020-04-01,13:15:00,188.35,15:15:00,191.71428571428572,3.364285714285728
2020-04-07,09:45:00,195.7,15:15:00,196.75,1.0500000000000114
2020-04-07,12:30:00,197.05,12:45:00,199.8,2.75
2020-04-07,14:45:00,200.05,15:15:00,196.75,-3.3000000000000114
2020-04-08,11:15:00,198.8,15:15:00,193.5,-5.300000000000011
2020-04-08,12:00:00,198.7,14:30:00,190.40714285714284,-8.292857142857144
2020-04-07,10:45:00,196.7,15:15:00,196.75,0.05000000000001137
2020-04-07,13:45:00,198.65,15:15:00,196.75,-1.9000000000000057
2020-04-13,11:45:00,201.7,15:15:00,202.5,0.8000000000000114
2020-04-13,09:15:00,201.5,09:45:00,195.81071428571428,-5.689285714285717
2020-04-13,10:30:00,201.7,15:15:00,202.5,0.8000000000000114
2020-04-13,13:45:00,202.0,15:00:00,204.6,2.5999999999999943
2020-04-09,13:00:00,198.5,15:15:00,195.0,-3.5
2020-04-15,10:45:00,207.65,15:15:00,200.96428571428572,-6.685714285714283
2020-04-15,14:15:00,207.0,15:15:00,203.75357142857143,-3.2464285714285666
2020-04-17,12:45:00,207.85,15:15:00,208.0,0.15000000000000568
2020-04-17,13:00:00,206.75,15:15:00,208.0,1.25
2020-04-17,15:00:00,207.85,15:15:00,208.0,0.15000000000000568
2020-04-17,14:00:00,207.2,15:15:00,208.0,0.8000000000000114
2020-04-23,11:15:00,200.45,15:15:00,199.5,-0.9499999999999886
2020-04-23,10:15:00,201.45,13:30:00,197.325,-4.125
2020-04-23,09:15:00,201.1,13:45:00,197.1142857142857,-3.9857142857142946
2020-04-28,14:15:00,201.05,15:15:00,200.05,-1.0
2020-04-29,09:45:00,203.1,10:30:00,199.70357142857142,-3.3964285714285722
2020-04-28,12:45:00,200.0,15:15:00,200.05,0.05000000000001137
2020-04-29,13:00:00,202.5,15:15:00,204.7,2.1999999999999886
2020-04-29,11:15:00,202.0,15:15:00,205.14285714285714,3.142857142857139
2020-04-29,12:45:00,202.5,15:15:00,204.88571428571427,2.385714285714272
2020-04-30,11:30:00,209.8,15:15:00,206.5,-3.3000000000000114
2020-05-05,12:45:00,199.0,15:00:00,196.86785714285713,-2.132142857142867
2020-05-05,13:45:00,199.65,15:00:00,198.93214285714285,-0.7178571428571558
2020-05-20,09:30:00,187.3,11:45:00,180.22857142857143,-7.071428571428584
2020-05-26,12:45:00,182.5,13:45:00,180.5285714285714,-1.9714285714285893
2020-05-28,10:30:00,182.7,15:15:00,181.8,-0.8999999999999773
2020-05-28,12:15:00,183.0,15:15:00,181.8,-1.1999999999999886
2020-06-01,15:15:00,180.5,15:15:00,180.5,0.0
2020-05-28,13:30:00,182.25,15:15:00,181.8,-0.44999999999998863
2020-06-02,10:45:00,189.25,15:15:00,187.3,-1.9499999999999886
2020-06-02,14:00:00,186.8,15:15:00,187.3,0.5
2020-06-03,11:15:00,189.35,15:00:00,183.15714285714284,-6.19285714285715
2020-06-05,14:45:00,183.25,15:15:00,182.55,-0.6999999999999886
2020-06-09,15:15:00,188.3,15:15:00,188.3,0.0
2020-06-10,11:15:00,193.25,15:15:00,197.85,4.599999999999994
2020-06-11,13:15:00,206.75,14:15:00,203.24642857142857,-3.5035714285714334
2020-06-10,15:15:00,197.85,15:15:00,197.85,0.0
2020-06-09,14:00:00,188.65,14:30:00,184.95357142857142,-3.6964285714285836
2020-06-11,11:30:00,207.55,14:30:00,200.2,-7.350000000000023
2020-06-15,15:00:00,209.9,15:15:00,210.65,0.75
2020-06-15,14:15:00,208.5,15:15:00,210.65,2.1500000000000057
2020-06-15,12:45:00,206.4,15:15:00,210.22857142857143,3.828571428571422
2020-06-17,14:00:00,217.45,14:30:00,219.85,2.4000000000000057
2020-06-18,13:45:00,223.4,14:00:00,221.10714285714286,-2.2928571428571445
2020-06-16,11:30:00,217.05,13:00:00,211.10357142857146,-5.946428571428555
2020-06-18,12:00:00,222.55,15:15:00,221.0,-1.5500000000000114
2020-06-22,11:15:00,228.5,15:15:00,230.25,1.75
2020-06-19,14:45:00,223.75,15:15:00,221.25,-2.5
2020-06-18,09:15:00,222.0,15:15:00,221.0,-1.0
2020-06-22,12:00:00,231.45,15:15:00,230.25,-1.1999999999999886
2020-06-22,09:15:00,230.2,15:15:00,230.25,0.05000000000001137
2020-06-23,10:45:00,236.8,13:30:00,240.34285714285716,3.5428571428571445
2020-06-22,13:45:00,231.2,15:15:00,230.25,-0.9499999999999886
2020-06-23,09:15:00,234.6,11:00:00,237.63571428571427,3.0357142857142776
2020-06-23,13:30:00,240.95,15:15:00,242.55,1.6000000000000227
2020-06-24,10:30:00,246.7,12:45:00,251.33571428571426,4.635714285714272
2020-06-29,10:30:00,271.95,15:15:00,270.0,-1.9499999999999886
2020-06-26,15:15:00,277.1,15:15:00,277.1,0.0
2020-06-29,12:15:00,273.0,15:15:00,270.0,-3.0
2020-07-01,11:30:00,266.0,15:15:00,264.15,-1.8500000000000227
2020-07-02,09:15:00,268.1,15:15:00,265.5,-2.6000000000000227
2020-07-01,14:00:00,265.0,15:15:00,264.15,-0.8500000000000227
2020-07-02,13:45:00,267.9,15:15:00,265.5,-2.3999999999999773
2020-07-13,10:45:00,251.65,15:15:00,252.95,1.299999999999983
2020-07-15,09:15:00,250.0,15:15:00,246.8,-3.1999999999999886
2020-07-21,15:00:00,242.8,15:15:00,243.25,0.44999999999998863
2020-07-22,10:00:00,244.0,15:15:00,241.25,-2.75
2020-07-29,09:15:00,241.5,10:00:00,246.82142857142856,5.321428571428555
2020-07-29,12:45:00,247.55,14:45:00,241.88214285714287,-5.6678571428571445
2020-08-05,14:15:00,231.65,15:15:00,230.2,-1.450000000000017
2020-08-10,09:45:00,255.85,15:15:00,255.0,-0.8499999999999943
2020-08-10,12:15:00,256.65,15:15:00,255.0,-1.6499999999999773
2020-08-18,11:15:00,243.7,15:15:00,236.875,-6.824999999999989
2020-08-19,10:45:00,242.9,12:00:00,246.5357142857143,3.6357142857143003
2020-08-19,11:30:00,243.75,12:00:00,247.44285714285715,3.69285714285715
2020-08-19,15:15:00,246.0,15:15:00,246.0,0.0
2020-08-19,13:00:00,247.9,15:15:00,246.0,-1.9000000000000057
2020-08-20,11:45:00,255.15,14:30:00,261.4714285714286,6.321428571428584
2020-08-19,14:30:00,246.4,15:15:00,246.0,-0.4000000000000057
2020-08-20,14:15:00,256.35,14:30:00,259.45714285714286,3.107142857142833
2020-08-21,12:30:00,279.1,15:15:00,273.0,-6.100000000000023
2020-08-24,13:45:00,289.4,14:30:00,294.35,4.9500000000000455
2020-08-25,14:45:00,297.55,15:15:00,292.5,-5.050000000000011
2020-09-02,12:45:00,261.35,13:15:00,267.20000000000005,5.850000000000023
2020-09-02,11:30:00,262.3,13:15:00,270.7,8.399999999999977
2020-09-03,12:30:00,278.15,15:15:00,275.65,-2.5
2020-09-03,10:30:00,278.65,15:15:00,275.65,-3.0
2020-09-08,10:15:00,272.05,14:45:00,264.925,-7.125
2020-09-08,12:30:00,270.05,14:45:00,264.4357142857143,-5.6142857142857
2020-09-10,09:30:00,276.05,13:15:00,266.2357142857143,-9.814285714285688
2020-09-11,09:15:00,273.65,15:15:00,270.55,-3.099999999999966
2020-09-11,12:15:00,272.15,15:15:00,270.55,-1.599999999999966
2020-09-10,13:30:00,269.0,14:15:00,272.93571428571425,3.935714285714255
2020-09-11,10:45:00,273.0,15:15:00,270.55,-2.4499999999999886
2020-09-25,15:15:00,248.75,15:15:00,248.75,0.0
2020-09-25,14:00:00,243.35,14:45:00,246.17142857142858,2.8214285714285836
2020-09-28,13:00:00,251.65,15:15:00,251.15,-0.5
2020-09-28,12:00:00,251.45,15:15:00,251.15,-0.29999999999998295
2020-09-29,09:15:00,255.95,12:45:00,250.7214285714286,-5.228571428571399
2020-10-01,13:00:00,246.1,15:15:00,247.81428571428572,1.7142857142857224
2020-10-05,10:45:00,251.55,14:00:00,254.90714285714287,3.357142857142861
2020-10-05,13:45:00,253.2,14:00:00,255.5,2.3000000000000114
2020-10-01,14:45:00,246.45,15:15:00,247.5,1.0500000000000114
2020-10-06,12:15:00,263.45,15:00:00,259.0464285714286,-4.403571428571411
2020-10-06,14:15:00,263.1,15:00:00,260.01428571428573,-3.085714285714289
2020-10-06,13:15:00,263.0,15:00:00,259.97857142857146,-3.021428571428544
2020-10-07,12:30:00,273.2,15:15:00,272.0,-1.1999999999999886
2020-10-07,15:00:00,272.35,15:15:00,272.0,-0.35000000000002274
2020-10-07,14:00:00,272.0,15:15:00,272.0,0.0
2020-10-08,14:15:00,281.15,15:15:00,282.1,0.9500000000000455
2020-10-09,13:00:00,286.5,15:00:00,289.2714285714286,2.7714285714286007
2020-10-09,14:45:00,287.65,15:00:00,288.90714285714284,1.2571428571428669
2020-10-12,11:30:00,292.55,15:15:00,294.5,1.9499999999999886
2020-10-09,09:45:00,286.8,15:00:00,291.0357142857143,4.235714285714266
2020-10-12,14:30:00,292.3,15:00:00,293.65000000000003,1.3500000000000227
2020-10-12,15:00:00,293.6,15:15:00,294.5,0.8999999999999773
2020-10-12,10:15:00,293.3,15:15:00,294.5,1.1999999999999886
2020-10-13,14:45:00,295.65,15:00:00,297.74285714285713,2.092857142857156
2020-10-13,10:15:00,293.25,10:45:00,295.8285714285714,2.578571428571422
2020-10-13,12:30:00,294.85,15:00:00,298.2714285714286,3.421428571428578
2020-10-15,11:00:00,295.25,14:00:00,287.65357142857147,-7.5964285714285325
2020-10-16,15:00:00,290.35,15:15:00,291.2,0.8499999999999659
2020-10-20,13:15:00,289.7,15:15:00,289.95,0.25
2020-10-21,10:00:00,289.55,15:00:00,291.9142857142857,2.3642857142856997
2020-10-20,15:00:00,289.6,15:15:00,289.95,0.3499999999999659
2020-10-22,10:30:00,291.1,15:15:00,293.7,2.599999999999966
2020-10-22,11:30:00,292.15,15:15:00,293.7,1.5500000000000114
2020-10-22,14:15:00,293.05,15:15:00,293.7,0.6499999999999773
2020-10-22,14:00:00,293.55,15:15:00,293.7,0.14999999999997726
2020-10-21,15:00:00,291.1,15:15:00,291.6,0.5
2020-10-22,15:15:00,293.7,15:15:00,293.7,0.0
2020-10-22,12:45:00,292.0,13:15:00,293.8071428571428,1.8071428571428214
2020-10-23,14:00:00,294.0,15:15:00,292.05,-1.9499999999999886
2020-10-30,09:45:00,293.0,10:30:00,295.70714285714286,2.7071428571428555
2020-10-29,14:45:00,288.95,15:15:00,288.1,-0.8499999999999659
2020-11-03,15:00:00,291.15,15:15:00,292.0,0.8500000000000227
2020-11-05,11:30:00,303.45,15:15:00,299.2,-4.25
2020-11-05,09:45:00,298.75,11:30:00,304.1428571428571,5.39285714285711
2020-11-09,12:15:00,295.0,14:15:00,299.8285714285714,4.828571428571422
2020-11-10,09:30:00,314.4,15:15:00,315.0,0.6000000000000227
2020-11-09,13:45:00,294.8,14:00:00,298.2,3.3999999999999773
2020-11-10,14:45:00,316.75,15:15:00,315.0,-1.75
2020-11-10,12:30:00,315.55,15:15:00,315.0,-0.5500000000000114
2020-11-12,09:30:00,323.65,10:15:00,329.0642857142857,5.414285714285711
2020-11-12,11:15:00,326.05,15:15:00,325.55,-0.5
2020-11-17,09:45:00,346.25,12:00:00,354.2214285714286,7.971428571428589
2020-11-14,18:15:00,343.0,19:00:00,338.0,-5.0
2020-11-12,13:45:00,327.0,15:15:00,325.55,-1.4499999999999886
2020-11-17,14:15:00,363.6,15:15:00,369.7,6.099999999999966
2020-11-17,15:15:00,369.7,15:15:00,369.7,0.0
2020-11-17,10:00:00,347.25,12:00:00,354.93571428571425,7.685714285714255
2020-11-11,09:30:00,317.7,11:30:00,311.775,-5.925000000000011
2020-11-18,11:45:00,383.65,15:15:00,384.05,0.4000000000000341
2020-11-17,11:15:00,343.85,11:45:00,352.3642857142857,8.514285714285677
2020-11-18,13:30:00,388.95,15:15:00,384.05,-4.899999999999977
2020-11-20,13:15:00,386.15,15:15:00,382.0,-4.149999999999977
2020-11-23,09:30:00,388.05,10:30:00,378.41785714285714,-9.632142857142867
2020-12-03,10:45:00,434.3,15:15:00,428.45,-5.850000000000023
2020-12-04,09:15:00,438.35,15:15:00,435.15,-3.2000000000000455
2020-12-03,14:30:00,430.8,15:15:00,428.45,-2.3500000000000227
2020-12-07,14:45:00,438.05,15:15:00,438.55,0.5
2020-12-07,09:30:00,438.6,09:45:00,444.39285714285717,5.7928571428571445
2020-12-16,11:15:00,430.25,15:15:00,431.25,1.0
2020-12-16,09:45:00,432.05,15:15:00,431.25,-0.8000000000000114
2020-12-17,09:45:00,438.85,13:00:00,430.5464285714286,-8.303571428571445
2020-12-15,13:30:00,430.15,15:15:00,430.0,-0.14999999999997726
2020-12-23,10:45:00,422.55,15:15:00,428.9,6.349999999999966
2020-12-23,13:15:00,424.35,15:15:00,428.9,4.5499999999999545
2020-12-23,12:15:00,424.0,15:15:00,428.9,4.899999999999977
2020-12-24,13:30:00,432.95,15:15:00,428.35,-4.599999999999966
2020-12-28,09:15:00,434.15,11:15:00,439.40714285714284,5.257142857142867
2020-12-28,10:45:00,433.25,11:15:00,438.1714285714286,4.921428571428578
2020-12-23,14:45:00,427.8,15:15:00,428.9,1.099999999999966
2020-12-31,14:30:00,440.75,15:00:00,436.5178571428571,-4.23214285714289
2021-01-01,10:45:00,438.5,15:15:00,434.7,-3.8000000000000114
2021-01-04,13:15:00,441.5,15:15:00,440.0,-1.5
2021-01-04,14:00:00,441.7,15:15:00,440.0,-1.6999999999999886
2021-01-04,11:45:00,440.85,15:15:00,440.0,-0.8500000000000227
2021-01-05,14:00:00,441.2,15:15:00,438.55,-2.6499999999999773
2021-01-06,14:15:00,455.75,14:30:00,448.1535714285714,-7.596428571428589
2021-01-07,12:15:00,455.0,15:15:00,454.0,-1.0
2021-01-11,09:15:00,462.7,09:30:00,456.7642857142857,-5.935714285714312
2021-01-08,13:15:00,455.85,15:15:00,454.9,-0.9500000000000455
2021-01-07,14:45:00,456.15,15:15:00,454.0,-2.1499999999999773
2021-01-08,09:30:00,455.05,15:15:00,454.9,-0.1500000000000341
2021-01-12,12:15:00,456.0,15:15:00,448.45,-7.550000000000011
2021-01-20,11:30:00,434.35,11:45:00,441.40000000000003,7.050000000000011
2021-01-20,15:00:00,456.5,15:15:00,456.75,0.25
2021-01-22,09:15:00,480.0,15:15:00,479.35,-0.6499999999999773
2021-01-21,12:30:00,453.85,12:45:00,461.1,7.25
2021-01-22,11:30:00,481.35,13:45:00,464.64642857142866,-16.703571428571365
2021-01-29,10:30:00,470.2,15:15:00,455.6928571428571,-14.507142857142867
2021-01-29,14:15:00,467.8,15:00:00,460.04285714285714,-7.757142857142867
2021-02-01,12:30:00,471.45,13:15:00,480.68571428571425,9.235714285714266
2021-02-02,09:15:00,497.0,10:45:00,478.32500000000005,-18.674999999999955
2021-02-02,11:15:00,488.3,15:15:00,491.0,2.6999999999999886
2021-02-02,12:30:00,486.0,15:15:00,491.0,5.0
2021-02-04,09:15:00,510.05,09:30:00,516.7357142857143,6.685714285714255
2021-02-03,10:15:00,495.0,11:30:00,504.7857142857143,9.785714285714278
2021-02-04,14:15:00,517.95,15:15:00,516.0,-1.9500000000000455
2021-02-05,09:15:00,525.0,11:45:00,534.05,9.049999999999955
2021-02-03,11:15:00,498.95,11:45:00,508.1642857142857,9.214285714285722
2021-02-05,10:45:00,523.0,11:45:00,534.7357142857143,11.735714285714266
2021-02-08,13:15:00,544.6,14:00:00,549.2642857142857,4.664285714285711
2021-02-08,11:45:00,544.55,14:30:00,554.1714285714286,9.621428571428623
2021-02-09,13:00:00,577.3,14:45:00,567.0785714285714,-10.221428571428532
2021-02-09,14:00:00,579.85,14:45:00,572.2,-7.649999999999977
2021-02-11,12:00:00,581.05,15:15:00,590.5,9.450000000000045
2021-02-15,11:00:00,673.5,11:45:00,691.0428571428572,17.5428571428572
2021-02-12,12:45:00,619.35,15:00:00,627.0428571428572,7.692857142857179
2021-02-12,14:15:00,623.5,15:15:00,631.0285714285715,7.5285714285714675
2021-02-15,15:15:00,688.0,15:15:00,688.0,0.0
2021-02-15,09:15:00,636.45,09:45:00,648.0071428571429,11.557142857142821
2021-02-15,14:30:00,687.5,15:15:00,688.0,0.5
2021-02-16,12:15:00,744.55,15:00:00,767.7785714285714,23.2285714285714
2021-02-16,14:00:00,742.7,15:00:00,759.9857142857144,17.285714285714334
2021-02-25,13:30:00,749.0,14:30:00,739.2285714285714,-9.7714285714286
2021-02-25,11:15:00,754.7,15:15:00,741.45,-13.25
2021-03-01,09:30:00,754.9,15:15:00,760.0,5.100000000000023
2021-03-01,15:15:00,760.0,15:15:00,760.0,0.0
2021-03-02,12:45:00,770.0,13:15:00,778.3428571428572,8.342857142857156
2021-03-02,14:30:00,795.0,14:45:00,775.6392857142856,-19.36071428571438
2021-03-03,10:45:00,832.75,15:15:00,829.0,-3.75
2021-03-03,13:30:00,843.75,15:15:00,829.0,-14.75
2021-03-03,09:15:00,796.95,09:30:00,816.5857142857144,19.635714285714357
2021-03-02,10:30:00,758.0,10:45:00,766.2071428571428,8.207142857142799
2021-03-02,11:45:00,767.5,13:15:00,778.15,10.649999999999977
2021-03-12,10:30:00,761.05,10:45:00,769.3499999999999,8.299999999999955
2021-03-16,13:45:00,780.05,15:15:00,783.0,2.9500000000000455
2021-03-16,12:15:00,780.5,15:15:00,783.0,2.5
2021-03-18,12:15:00,781.6,13:45:00,752.7571428571429,-28.842857142857156
2021-03-22,13:00:00,796.85,15:15:00,787.85,-9.0
2021-03-22,14:00:00,795.0,15:15:00,787.85,-7.149999999999977
2021-03-23,09:15:00,809.75,09:30:00,821.1571428571428,11.407142857142844
2021-03-23,10:45:00,854.55,15:15:00,850.0,-4.5499999999999545
2021-03-24,11:30:00,874.0,15:15:00,871.1,-2.8999999999999773
2021-03-24,13:15:00,874.0,15:00:00,860.5857142857143,-13.414285714285711
2021-03-26,10:30:00,864.45,15:15:00,871.4,6.949999999999932
2021-03-30,09:15:00,899.6,15:00:00,880.7535714285715,-18.846428571428532
2021-03-31,11:45:00,903.65,15:15:00,909.65,6.0
2021-03-26,13:30:00,869.75,15:15:00,871.4,1.6499999999999773
2021-04-01,12:15:00,945.0,13:15:00,960.9499999999999,15.949999999999932
2021-03-31,14:45:00,905.0,15:15:00,909.65,4.649999999999977
2021-04-05,11:45:00,1039.9,13:15:00,1076.2714285714287,36.37142857142862
2021-04-06,09:15:00,1141.3,15:15:00,1110.0,-31.299999999999955
2021-04-05,09:15:00,1042.7,13:00:00,1070.6214285714286,27.921428571428578
2021-04-05,10:45:00,1036.9,13:15:00,1072.9500000000003,36.05000000000018
2021-04-15,13:15:00,944.2,15:15:00,944.2,0.0
2021-04-15,09:30:00,944.2,15:15:00,944.2,0.0
2021-04-19,13:45:00,1036.1,15:15:00,1006.6571428571427,-29.44285714285718
2021-04-20,09:15:00,1041.1,15:15:00,1024.0,-17.09999999999991
2021-04-20,11:30:00,1038.45,15:15:00,1024.0,-14.450000000000045
2021-04-20,13:15:00,1039.0,14:45:00,1017.7642857142857,-21.235714285714266
2021-04-22,14:00:00,1039.1,14:30:00,1055.042857142857,15.942857142857065
2021-04-23,09:30:00,1073.65,15:15:00,1064.0,-9.650000000000091
2021-04-20,10:45:00,1040.5,15:15:00,1024.0,-16.5
2021-04-23,12:00:00,1071.0,15:15:00,1064.0,-7.0
2021-04-23,13:15:00,1070.95,15:00:00,1061.8642857142856,-9.085714285714403
2021-04-30,14:45:00,1055.0,15:15:00,1043.8892857142855,-11.110714285714494
2021-05-03,14:00:00,1073.5,15:15:00,1073.0,-0.5
2021-05-04,11:45:00,1089.0,14:45:00,1063.4892857142856,-25.510714285714357
2021-05-03,14:30:00,1075.0,15:15:00,1073.0,-2.0
2021-05-05,13:15:00,1090.3,15:15:00,1084.0,-6.2999999999999545
2021-05-06,13:45:00,1122.0,15:15:00,1129.2714285714285,7.271428571428487
2021-05-06,09:15:00,1124.05,15:15:00,1132.0,7.9500000000000455
2021-05-07,10:15:00,1182.8,15:15:00,1179.8,-3.0
2021-05-07,13:15:00,1178.95,14:30:00,1161.6785714285713,-17.271428571428714
2021-05-07,14:30:00,1176.95,15:15:00,1179.8,2.849999999999909
2021-05-12,10:15:00,1200.0,15:15:00,1199.0,-1.0
2021-05-11,12:00:00,1195.2,15:15:00,1200.0,4.7999999999999545
2021-05-11,15:00:00,1198.45,15:15:00,1200.0,1.5499999999999545
2021-05-17,14:00:00,1200.55,15:15:00,1200.55,0.0
2021-05-18,09:15:00,1245.0,15:15:00,1260.35,15.349999999999909
2021-05-19,14:45:00,1323.35,15:15:00,1323.35,0.0
2021-05-20,12:15:00,1388.35,15:15:00,1389.0,0.650000000000091
2021-05-20,14:00:00,1389.5,14:45:00,1381.1107142857143,-8.389285714285734
2021-05-20,15:15:00,1389.0,15:15:00,1389.0,0.0
2021-05-24,14:00:00,1513.9,14:45:00,1523.8714285714289,9.97142857142876
2021-05-24,09:15:00,1507.7,14:45:00,1522.507142857143,14.807142857142935
2021-05-24,12:00:00,1510.0,15:15:00,1526.5,16.5
2021-05-24,15:00:00,1526.5,15:15:00,1526.5,0.0
2021-05-24,10:45:00,1504.5,15:15:00,1526.5,22.0
2021-05-21,13:30:00,1455.0,15:15:00,1450.4571428571428,-4.542857142857201
2021-05-24,13:15:00,1510.0,14:45:00,1521.007142857143,11.00714285714298
2021-05-21,15:00:00,1455.0,15:15:00,1449.267857142857,-5.73214285714289
2021-05-27,13:15:00,1446.5,15:15:00,1435.7,-10.799999999999955
2021-05-27,14:00:00,1458.95,15:15:00,1424.5785714285714,-34.37142857142862
2021-05-28,09:30:00,1453.65,15:15:00,1455.0,1.349999999999909
2021-05-31,12:45:00,1453.95,15:00:00,1464.9428571428573,10.992857142857247
2021-05-31,15:00:00,1491.1,15:15:00,1475.7,-15.399999999999864
2021-06-01,11:15:00,1490.0,15:15:00,1499.5,9.5
2021-05-31,10:30:00,1456.0,15:00:00,1478.3,22.299999999999955
2021-06-01,13:00:00,1489.35,14:30:00,1505.7785714285712,16.42857142857133
2021-06-01,14:15:00,1493.8,14:30:00,1507.2,13.400000000000091
2021-06-02,09:15:00,1540.0,10:30:00,1564.7,24.700000000000045
2021-06-03,10:45:00,1584.2,15:15:00,1585.0,0.7999999999999545
2021-06-03,14:00:00,1583.95,14:30:00,1572.1535714285715,-11.796428571428578
2021-06-04,14:15:00,1604.0,15:15:00,1613.0,9.0
2021-06-04,11:45:00,1593.9,15:15:00,1613.0,19.09999999999991
2021-06-07,09:15:00,1627.05,11:15:00,1595.517857142857,-31.532142857142844
2021-06-09,09:15:00,1609.9,13:00:00,1582.932142857143,-26.967857142857156
2021-06-04,13:00:00,1605.0,15:15:00,1613.0,8.0
2021-06-08,14:15:00,1603.9,14:30:00,1592.9071428571428,-10.992857142857247
2021-06-09,11:30:00,1614.0,13:00:00,1586.2071428571428,-27.7928571428572
2021-06-11,09:30:00,1612.0,10:45:00,1568.1678571428572,-43.8321428571428
2021-06-21,13:45:00,1302.15,15:15:00,1302.15,0.0
2021-06-21,15:00:00,1302.15,15:15:00,1302.15,0.0
2021-07-09,13:45:00,1008.0,15:15:00,998.0,-10.0
2021-07-08,13:00:00,983.0,15:15:00,986.65,3.6499999999999773
2021-07-12,13:30:00,1004.9,15:15:00,1000.05,-4.850000000000023
2021-07-08,14:45:00,986.65,15:15:00,986.65,0.0
2021-07-16,14:30:00,984.35,15:00:00,1003.4857142857143,19.135714285714243
2021-07-15,12:15:00,983.2,15:15:00,970.0,-13.200000000000045
2021-07-16,09:45:00,980.65,15:00:00,995.2428571428571,14.592857142857156
2021-07-23,15:00:00,969.8,15:15:00,955.0,-14.799999999999955
2021-07-23,12:45:00,948.9,13:45:00,974.35,25.450000000000045
2021-07-28,15:15:00,946.15,15:15:00,946.15,0.0
2021-07-29,12:15:00,935.0,15:15:00,940.0,5.0
2021-07-29,13:45:00,934.05,15:15:00,940.0,5.9500000000000455
2021-08-03,12:00:00,915.5,15:15:00,920.0,4.5
2021-08-03,13:30:00,918.75,15:15:00,920.0,1.25
2021-08-03,15:15:00,920.0,15:15:00,920.0,0.0
2021-08-04,11:00:00,930.9,15:15:00,908.1535714285715,-22.74642857142851
2021-08-06,11:45:00,967.0,15:15:00,965.0,-2.0
2021-08-06,13:45:00,964.15,15:15:00,965.0,0.8500000000000227
2021-08-10,12:30:00,961.8,14:15:00,926.0464285714286,-35.75357142857138
2021-08-12,10:00:00,950.0,15:15:00,957.15,7.149999999999977
2021-08-12,14:45:00,957.9,15:15:00,957.15,-0.75
2021-08-12,12:30:00,955.8,15:15:00,957.15,1.3500000000000227
2021-08-17,10:30:00,977.0,12:30:00,988.0714285714286,11.071428571428555
2021-08-17,12:15:00,977.95,12:30:00,987.9,9.949999999999932
2021-08-18,09:15:00,1074.95,15:15:00,1075.2,0.25
2021-08-30,10:45:00,1505.35,15:15:00,1505.35,0.0
2021-08-30,13:15:00,1505.35,15:15:00,1505.35,0.0
2021-08-31,14:30:00,1580.6,15:15:00,1580.6,0.0
2021-08-30,09:15:00,1505.35,15:15:00,1505.35,0.0
2021-09-03,09:15:00,1698.5,09:30:00,1662.8214285714287,-35.67857142857133
2021-08-31,10:15:00,1561.0,10:30:00,1573.557142857143,12.557142857142935
2021-09-08,10:15:00,1734.95,15:15:00,1738.0,3.0499999999999545
2021-09-08,14:30:00,1730.0,15:15:00,1738.0,8.0
2021-09-08,13:15:00,1727.75,15:15:00,1738.0,10.25
2021-09-09,13:30:00,1774.95,14:00:00,1780.392857142857,5.442857142857065
2021-09-08,15:00:00,1735.0,15:15:00,1738.0,3.0
2021-09-13,10:00:00,1831.95,12:15:00,1862.7357142857143,30.78571428571422
2021-09-15,09:15:00,1979.5,11:00:00,1959.175,-20.325000000000045
2021-09-13,14:00:00,1873.7,15:15:00,1868.8,-4.900000000000091
2021-09-15,12:00:00,1972.0,15:15:00,1936.6642857142856,-35.3357142857144
2021-09-14,11:30:00,1934.0,15:15:00,1938.0,4.0
2021-09-14,09:15:00,1928.0,15:15:00,1938.0,10.0
2021-09-09,15:00:00,1800.0,15:15:00,1815.1499999999999,15.149999999999864
2021-09-14,13:15:00,1938.95,15:15:00,1938.0,-0.9500000000000455
2021-09-14,14:45:00,1941.0,15:15:00,1935.2785714285715,-5.7214285714285325
2021-09-15,11:45:00,1969.3,15:15:00,1934.2321428571427,-35.06785714285729
2021-09-23,14:00:00,1574.0,15:15:00,1539.2,-34.799999999999955
2021-09-29,11:15:00,1564.6,14:45:00,1581.9214285714286,17.32142857142867
2021-09-29,13:30:00,1574.7,14:30:00,1562.432142857143,-12.26785714285711
2021-09-28,10:15:00,1581.0,15:15:00,1540.25,-40.75
2021-09-29,13:15:00,1568.15,14:00:00,1578.7428571428572,10.592857142857156
2021-10-01,10:45:00,1557.6,15:15:00,1585.9785714285713,28.378571428571377
2021-10-01,15:00:00,1575.6,15:15:00,1566.75,-8.849999999999909
2021-10-04,10:45:00,1574.0,15:00:00,1600.7714285714285,26.771428571428487
2021-10-01,13:15:00,1560.0,15:00:00,1571.9071428571428,11.907142857142844
2021-10-04,14:45:00,1592.0,15:00:00,1608.3142857142857,16.31428571428569
2021-10-04,13:30:00,1575.25,14:45:00,1590.6642857142856,15.414285714285597
2021-10-05,13:15:00,1708.0,15:15:00,1717.8,9.799999999999955
2021-10-07,09:15:00,1781.1,10:30:00,1755.8035714285713,-25.296428571428578
2021-10-01,13:30:00,1562.95,15:00:00,1575.007142857143,12.057142857142935
2021-10-06,11:30:00,1780.2,15:15:00,1764.85,-15.350000000000136
2021-10-06,11:45:00,1782.5,15:15:00,1764.85,-17.65000000000009
2021-10-13,11:30:00,1695.0,15:15:00,1699.0,4.0
2021-10-13,12:45:00,1710.0,15:15:00,1699.0,-11.0
2021-10-14,10:15:00,1699.0,15:15:00,1680.0,-19.0
2021-10-18,10:30:00,1720.95,15:15:00,1747.9071428571428,26.9571428571428
2021-10-13,14:45:00,1710.0,15:15:00,1699.0,-11.0
2021-10-18,13:00:00,1734.0,15:15:00,1754.1214285714286,20.121428571428623
2021-10-14,09:45:00,1700.0,15:15:00,1680.0,-20.0
2021-10-19,12:30:00,1750.05,15:15:00,1730.0,-20.049999999999955
2021-10-18,14:00:00,1735.25,15:15:00,1751.9357142857143,16.68571428571431
2021-10-18,13:30:00,1732.8,15:15:00,1749.5,16.700000000000045
2021-10-18,12:15:00,1730.05,15:15:00,1747.0,16.950000000000045
2021-10-19,14:30:00,1764.95,15:15:00,1730.0,-34.950000000000045
2021-10-19,10:45:00,1739.0,11:15:00,1768.6285714285714,29.628571428571377
2021-10-21,14:00:00,1750.0,15:00:00,1775.3428571428572,25.342857142857156
2021-10-22,12:00:00,1772.05,15:00:00,1803.5428571428572,31.492857142857247
2021-10-22,13:45:00,1769.9,15:00:00,1792.557142857143,22.657142857142844
2021-10-22,10:15:00,1760.0,15:00:00,1785.0071428571428,25.007142857142753
2021-10-22,15:15:00,1819.85,15:15:00,1819.85,0.0
2021-10-25,12:45:00,1827.95,15:15:00,1873.75,45.799999999999955
2021-10-21,11:00:00,1748.9,12:00:00,1710.5964285714285,-38.30357142857156
2021-10-21,10:45:00,1748.9,12:00:00,1709.1178571428572,-39.782142857142844
2021-10-25,11:45:00,1823.85,15:15:00,1880.9857142857143,57.13571428571436
2021-10-25,13:45:00,1826.0,15:00:00,1861.2571428571428,35.25714285714275
2021-10-26,10:15:00,1858.0,13:30:00,1899.9214285714286,41.92142857142858
2021-10-25,15:00:00,1868.7,15:15:00,1887.0,18.299999999999955
2021-10-21,13:30:00,1749.05,15:00:00,1774.6714285714286,25.621428571428623
2021-10-26,11:45:00,1858.0,12:15:00,1887.607142857143,29.60714285714289
2021-11-02,13:30:00,1785.0,15:15:00,1769.55,-15.450000000000045
2021-11-02,14:30:00,1772.0,15:15:00,1769.55,-2.4500000000000455
2021-11-01,13:45:00,1769.0,15:15:00,1774.0,5.0
2021-11-02,11:45:00,1780.0,15:15:00,1769.55,-10.450000000000045
2021-11-03,15:00:00,1846.2,15:15:00,1846.2,0.0
2021-11-08,09:30:00,1850.0,15:15:00,1825.05,-24.950000000000045
2021-11-03,13:45:00,1825.0,15:15:00,1846.2,21.200000000000045
2021-11-11,11:30:00,1909.9,13:45:00,1940.7,30.799999999999955
2021-11-11,09:15:00,1876.95,10:00:00,1898.4357142857143,21.485714285714266
2021-11-11,14:45:00,1930.0,15:00:00,1889.8,-40.200000000000045
2021-11-12,14:30:00,1988.35,15:15:00,1988.35,0.0
2021-11-12,13:15:00,1988.35,15:15:00,1988.35,0.0
2021-11-11,13:30:00,1929.9,14:00:00,1900.3928571428573,-29.507142857142753
2021-11-12,09:15:00,1930.0,09:30:00,1969.9357142857143,39.93571428571431
2021-11-10,12:30:00,1851.75,14:15:00,1868.8142857142857,17.06428571428569
2021-11-10,11:00:00,1845.0,14:45:00,1870.142857142857,25.14285714285711
2021-11-23,11:30:00,1902.0,14:45:00,1953.192857142857,51.192857142857065
2021-11-25,13:00:00,1972.0,13:45:00,1995.3,23.299999999999955
2021-11-23,10:00:00,1899.0,14:45:00,1953.0928571428572,54.092857142857156
2021-11-23,14:45:00,1959.95,15:15:00,1959.9,-0.049999999999954525
2021-11-26,14:45:00,2019.0,15:00:00,1963.0071428571428,-55.99285714285725
2021-11-25,13:45:00,1990.0,14:30:00,2015.8857142857141,25.88571428571413
2021-12-02,10:00:00,1803.9,11:00:00,1833.7214285714288,29.82142857142867
2021-12-02,10:45:00,1824.95,11:15:00,1858.9785714285715,34.02857142857147
2021-12-02,14:45:00,1884.95,15:15:00,1861.4,-23.549999999999955
2021-12-03,13:00:00,1879.95,14:00:00,1858.8857142857144,-21.06428571428569
2021-12-06,13:15:00,1893.65,15:15:00,1872.1785714285716,-21.471428571428532
2021-12-03,11:30:00,1882.0,15:15:00,1870.0,-12.0
2021-12-06,12:15:00,1887.5,15:15:00,1851.125,-36.375
2021-12-03,09:45:00,1888.95,14:00:00,1859.1857142857143,-29.764285714285734
2021-12-06,14:45:00,1899.85,15:15:00,1876.642857142857,-23.2071428571428
2021-12-02,12:45:00,1847.5,14:45:00,1872.507142857143,25.00714285714298
2021-12-06,09:30:00,1890.0,15:15:00,1853.3785714285714,-36.62142857142862
2021-12-07,14:45:00,1885.0,15:15:00,1894.107142857143,9.10714285714289
2021-12-09,14:15:00,1881.0,14:45:00,1870.767857142857,-10.23214285714289
2021-12-10,10:15:00,1885.0,15:15:00,1870.0,-15.0
2021-12-10,09:15:00,1885.0,14:15:00,1867.0642857142857,-17.93571428571431
2021-12-14,14:30:00,1878.95,15:15:00,1861.442857142857,-17.50714285714298
2021-12-16,10:45:00,1879.9,15:00:00,1851.3892857142857,-28.510714285714357
2021-12-14,13:30:00,1875.0,15:15:00,1858.65,-16.34999999999991
2021-12-15,13:45:00,1878.95,15:00:00,1858.6142857142856,-20.335714285714403
2021-12-21,12:15:00,1754.0,15:15:00,1779.95,25.950000000000045
2021-12-21,15:00:00,1767.0,15:15:00,1779.95,12.950000000000045
2021-12-21,14:15:00,1758.0,15:15:00,1779.95,21.950000000000045
2021-12-22,12:00:00,1788.0,15:15:00,1800.0,12.0
2021-12-22,13:00:00,1798.0,15:15:00,1800.0,2.0
2021-12-23,09:45:00,1826.0,15:15:00,1820.0,-6.0
2021-12-23,13:30:00,1829.0,13:45:00,1797.0714285714284,-31.92857142857156
2021-12-31,13:45:00,1718.0,15:00:00,1747.5357142857142,29.53571428571422
2021-12-31,12:45:00,1720.0,15:00:00,1742.0928571428572,22.092857142857156
2021-12-31,11:30:00,1700.0,14:00:00,1731.3285714285714,31.328571428571422
2022-01-03,10:00:00,1740.0,15:15:00,1744.0,4.0
2022-01-03,12:00:00,1746.45,15:15:00,1744.0,-2.4500000000000455
2021-12-31,15:15:00,1748.0,15:15:00,1748.0,0.0
2022-01-03,13:15:00,1744.0,15:15:00,1744.0,0.0
2022-01-04,15:15:00,1760.0,15:15:00,1760.0,0.0
2022-01-07,15:00:00,1777.7,15:15:00,1770.0,-7.7000000000000455
2022-01-07,11:45:00,1745.0,13:45:00,1764.6571428571428,19.657142857142844
2022-01-06,14:00:00,1753.0,14:15:00,1733.2214285714285,-19.778571428571468
2022-01-10,10:00:00,1769.85,13:45:00,1804.4714285714285,34.62142857142862
2022-01-11,10:00:00,1835.0,15:15:00,1870.8,35.799999999999955
2022-01-10,12:30:00,1772.0,13:30:00,1799.2857142857144,27.285714285714448
2022-01-11,15:15:00,1889.0,15:15:00,1889.0,0.0
2022-01-10,14:45:00,1824.0,15:15:00,1821.0,-3.0
2022-01-11,11:15:00,1840.0,15:15:00,1886.1571428571428,46.157142857142844
2022-01-12,10:45:00,1868.7,15:00:00,1904.0857142857144,35.38571428571436
2022-01-12,12:00:00,1888.0,15:00:00,1931.4642857142858,43.46428571428578
2022-01-12,15:00:00,1935.35,15:15:00,1940.0,4.650000000000091
2022-01-13,10:45:00,1970.0,11:45:00,1906.1321428571428,-63.86785714285725
2022-01-14,12:15:00,1989.95,15:15:00,2001.75,11.799999999999955
2022-01-11,12:30:00,1846.0,15:15:00,1885.2857142857144,39.28571428571445
2022-01-18,11:30:00,2024.05,15:15:00,2027.5,3.4500000000000455
2022-01-14,15:00:00,2023.65,15:15:00,2001.75,-21.90000000000009
2022-01-18,13:00:00,2024.85,15:15:00,2027.5,2.650000000000091
2022-01-17,15:00:00,2011.9,15:15:00,1998.0,-13.900000000000091
2022-01-18,10:00:00,1997.0,10:30:00,2029.7142857142858,32.71428571428578
2022-01-19,15:00:00,2048.0,15:15:00,2044.9,-3.099999999999909
2022-01-18,14:00:00,2023.65,15:15:00,2027.5,3.849999999999909
2022-01-18,15:00:00,2024.75,15:15:00,2027.5,2.75
2022-01-21,10:00:00,2019.0,15:00:00,2058.885714285714,39.88571428571413
2022-01-21,15:15:00,2100.0,15:15:00,2100.0,0.0
2022-01-24,11:15:00,2073.0,13:45:00,1972.232142857143,-100.76785714285711
2022-01-25,13:45:00,2050.0,15:15:00,2004.0,-46.0
2022-01-28,13:15:00,2070.0,15:00:00,1965.0535714285716,-104.94642857142844
2022-01-28,10:45:00,2051.95,15:15:00,1977.2,-74.74999999999977
2022-01-28,11:00:00,2059.95,15:15:00,1977.2,-82.74999999999977
2022-01-28,12:45:00,2064.0,15:15:00,1977.2,-86.79999999999995
2022-02-02,11:00:00,2015.0,15:15:00,2015.0,0.0
2022-02-03,09:15:00,2018.0,11:30:00,2038.7714285714287,20.771428571428714
2022-02-02,13:30:00,2015.0,15:15:00,2015.0,0.0
2022-02-03,11:15:00,2030.45,15:15:00,2014.5,-15.950000000000045
2022-02-04,10:45:00,2041.0,15:15:00,2048.75,7.75
2022-02-03,13:00:00,2038.0,14:15:00,2013.1214285714286,-24.878571428571377
2022-02-04,13:30:00,2037.0,15:15:00,2048.75,11.75
2022-02-07,13:00:00,2061.0,13:15:00,2022.4178571428572,-38.5821428571428
2022-02-10,13:00:00,2018.85,14:30:00,1986.1821428571427,-32.6678571428572
2022-02-11,11:15:00,2032.0,15:15:00,2024.95,-7.0499999999999545
2022-02-11,10:00:00,2022.0,15:15:00,2024.95,2.9500000000000455
2022-02-10,15:00:00,2049.9,15:15:00,2025.0,-24.90000000000009
2022-02-16,11:30:00,1999.05,15:15:00,1924.5749999999998,-74.47500000000014
2022-02-16,12:15:00,2005.9,15:00:00,1937.1035714285715,-68.79642857142858
2022-02-16,13:45:00,2010.0,15:00:00,1979.9785714285713,-30.021428571428714
2022-02-16,09:30:00,1984.25,15:15:00,1920.35,-63.90000000000009
2022-02-17,13:30:00,2014.8,15:15:00,2023.0,8.200000000000045
2022-02-17,14:45:00,2005.8,15:15:00,2023.0,17.200000000000045
2022-02-23,10:45:00,2053.45,15:15:00,2067.55,14.100000000000364
2022-02-22,12:30:00,1960.75,15:15:00,1966.0,5.25
2022-02-25,15:00:00,2037.75,15:15:00,2030.0,-7.75
2022-02-28,11:00:00,2120.0,15:15:00,2134.45,14.449999999999818
2022-03-02,12:45:00,2241.1,15:15:00,2241.1,0.0
2022-03-03,12:00:00,2353.1,15:15:00,2353.1,0.0
2022-03-02,14:45:00,2241.1,15:15:00,2241.1,0.0
2022-03-02,11:00:00,2241.1,15:15:00,2241.1,0.0
2022-03-09,12:30:00,2247.45,15:00:00,2173.2,-74.25
2022-03-11,15:00:00,2314.7,15:15:00,2318.0,3.300000000000182
2022-03-14,15:15:00,2280.0,15:15:00,2280.0,0.0
2022-03-11,14:00:00,2273.3,15:00:00,2303.8857142857146,30.585714285714403
2022-03-16,13:15:00,2280.9,13:45:00,2301.6714285714284,20.77142857142826
2022-03-16,11:15:00,2273.4,15:15:00,2295.0,21.59999999999991
2022-03-17,10:30:00,2347.25,14:00:00,2381.885714285714,34.63571428571413
2022-03-17,09:45:00,2339.8,11:45:00,2374.15,34.34999999999991
2022-03-17,11:45:00,2362.95,14:30:00,2401.621428571428,38.67142857142835
2022-03-17,10:45:00,2350.0,14:00:00,2383.1857142857143,33.18571428571431
2022-03-22,14:00:00,2332.1,14:15:00,2355.842857142857,23.742857142857247
2022-03-23,09:45:00,2364.35,10:30:00,2414.7,50.34999999999991
2022-03-23,12:00:00,2422.4,15:15:00,2400.0,-22.40000000000009
2022-03-24,09:15:00,2426.1,10:15:00,2383.767857142857,-42.332142857143026
2022-03-23,13:15:00,2411.0,15:15:00,2400.0,-11.0
2022-03-25,11:00:00,2421.85,15:00:00,2453.4357142857143,31.585714285714403
2022-03-28,12:15:00,2429.0,13:00:00,2457.1071428571427,28.107142857142662
2022-03-25,12:30:00,2418.95,15:00:00,2442.085714285714,23.13571428571413
2022-03-29,14:00:00,2473.85,14:15:00,2484.178571428571,10.328571428571195
2022-03-29,09:15:00,2456.25,14:15:00,2493.714285714286,37.46428571428578
2022-03-25,14:30:00,2419.95,15:00:00,2435.2071428571426,15.257142857142753
2022-03-29,13:15:00,2465.0,13:45:00,2471.614285714286,6.61428571428587
2022-03-30,09:15:00,2475.0,13:30:00,2508.264285714286,33.26428571428596
2022-03-29,10:30:00,2459.95,14:15:00,2486.4785714285713,26.528571428571468
2022-03-30,11:00:00,2475.0,13:30:00,2510.9357142857143,35.93571428571431
2022-04-05,13:30:00,2490.9,15:00:00,2447.785714285714,-43.11428571428587
2022-04-05,09:45:00,2472.0,15:15:00,2410.0,-62.0
2022-04-04,14:45:00,2444.9,15:00:00,2464.4785714285713,19.578571428571195
2022-04-04,12:45:00,2415.0,13:30:00,2439.957142857143,24.957142857143026
2022-04-11,13:00:00,2666.9,14:30:00,2635.046428571429,-31.853571428571286
2022-04-11,14:00:00,2670.0,14:30:00,2631.2571428571428,-38.74285714285725
2022-04-11,14:45:00,2676.15,15:00:00,2711.6,35.44999999999982
2022-04-21,13:15:00,2720.0,13:45:00,2687.921428571429,-32.078571428571195
2022-04-26,10:45:00,2715.0,15:00:00,2769.6214285714286,54.62142857142862
2022-04-27,12:00:00,2778.0,15:15:00,2720.0,-58.0
2022-04-27,13:15:00,2772.7,15:00:00,2706.903571428571,-65.7964285714288
2022-04-26,13:30:00,2698.6,14:15:00,2725.042857142857,26.442857142857065
2022-04-27,14:30:00,2766.45,15:00:00,2714.9785714285713,-51.47142857142853
2022-04-27,10:45:00,2783.5,15:15:00,2720.0,-63.5
2022-04-29,09:15:00,2833.0,11:30:00,2893.4714285714285,60.47142857142853
2022-04-29,11:45:00,2878.95,15:00:00,2775.342857142857,-103.60714285714266
2022-04-29,13:30:00,2869.2,15:00:00,2808.375,-60.82499999999982
2022-04-29,14:45:00,2885.5,15:00:00,2827.1178571428572,-58.38214285714275
2022-05-04,11:30:00,2774.75,15:15:00,2775.0,0.25
2022-05-13,10:30:00,2296.4,15:00:00,2179.8607142857145,-116.5392857142856
2022-05-17,13:30:00,2283.0,15:00:00,2312.357142857143,29.357142857143117
2022-05-17,14:30:00,2296.75,15:00:00,2326.785714285714,30.03571428571422
2022-05-17,14:00:00,2283.85,15:00:00,2314.885714285714,31.03571428571422
2022-05-17,12:30:00,2273.45,15:00:00,2318.735714285714,45.28571428571422
2022-05-18,11:45:00,2449.05,14:15:00,2369.153571428572,-79.89642857142826
2022-05-27,12:45:00,2138.0,14:45:00,2182.6714285714284,44.67142857142835
2022-05-27,15:15:00,2178.0,15:15:00,2178.0,0.0
2022-06-02,11:45:00,2000.0,15:15:00,2032.0,32.0
2022-06-06,11:45:00,1994.1,15:15:00,2023.15,29.050000000000182
2022-06-07,13:30:00,2061.0,15:15:00,2043.95,-17.049999999999955
2022-06-06,14:15:00,1988.9,15:15:00,2004.757142857143,15.85714285714289
2022-06-08,09:30:00,2066.85,10:30:00,2105.3642857142854,38.514285714285506
2022-06-09,09:45:00,2106.65,15:15:00,2109.3,2.650000000000091
2022-06-08,11:45:00,2085.0,15:15:00,2085.0,0.0
2022-06-10,09:30:00,2112.6,11:45:00,2064.642857142857,-47.957142857143026
2022-06-09,13:15:00,2110.3,15:00:00,2129.6428571428573,19.342857142857156
2022-06-15,11:30:00,2087.25,15:00:00,2042.9250000000002,-44.32499999999982
2022-06-16,13:30:00,2118.0,14:15:00,2074.4357142857143,-43.56428571428569
2022-06-16,10:45:00,2095.0,15:00:00,2130.25,35.25
2022-06-16,12:15:00,2095.0,13:30:00,2125.6499999999996,30.649999999999636
2022-06-17,13:45:00,2101.75,14:00:00,2113.6142857142854,11.864285714285415
2022-06-16,15:00:00,2129.15,15:15:00,2123.0,-6.150000000000091
2022-06-17,10:00:00,2101.5,15:15:00,2060.9,-40.59999999999991
2022-06-17,12:30:00,2100.0,15:00:00,2045.9142857142858,-54.085714285714175
2022-06-22,10:15:00,2143.85,15:15:00,2121.0,-22.84999999999991
2022-06-21,14:15:00,2133.65,15:00:00,2157.3714285714286,23.721428571428532
2022-06-21,12:30:00,2112.4,14:15:00,2135.5071428571428,23.107142857142662
2022-06-23,09:30:00,2140.95,15:15:00,2085.9,-55.04999999999973
2022-06-27,11:30:00,2146.0,15:15:00,2135.8,-10.199999999999818
2022-06-27,15:00:00,2148.95,15:15:00,2122.175,-26.774999999999636
2022-06-24,13:45:00,2122.15,14:30:00,2133.1285714285714,10.978571428571286
2022-06-29,12:30:00,2304.8,15:15:00,2360.692857142857,55.89285714285688
2022-06-29,15:00:00,2352.0,15:15:00,2350.0,-2.0
2022-06-28,13:45:00,2157.95,15:15:00,2156.0,-1.949999999999818
2022-06-29,10:45:00,2183.05,11:15:00,2217.2928571428574,34.24285714285725
2022-06-30,13:00:00,2468.3,15:15:00,2472.0,3.699999999999818
2022-06-29,09:15:00,2161.3,11:00:00,2192.9,31.59999999999991
2022-07-01,11:00:00,2498.0,15:15:00,2390.8250000000003,-107.17499999999973
2022-06-30,10:30:00,2483.9,15:15:00,2472.0,-11.900000000000091
2022-07-01,09:15:00,2561.1,10:00:00,2496.3214285714284,-64.77857142857147
2022-06-30,11:45:00,2484.65,15:15:00,2472.0,-12.650000000000091
2022-07-05,12:00:00,2441.9,15:15:00,2475.885714285714,33.98571428571404
2022-07-05,14:00:00,2439.95,15:00:00,2453.5214285714283,13.571428571428442
2022-07-05,13:15:00,2439.95,15:00:00,2456.185714285714,16.23571428571404
2022-07-06,12:45:00,2490.05,13:30:00,2508.257142857143,18.207142857143026
2022-07-05,15:00:00,2462.9,15:15:00,2480.2999999999997,17.399999999999636
2022-07-08,14:30:00,2484.95,15:00:00,2498.935714285714,13.985714285714039
2022-07-11,12:00:00,2697.6,15:15:00,2667.0,-30.59999999999991
2022-07-11,13:30:00,2662.75,14:45:00,2722.828571428571,60.078571428571195
2022-07-12,13:30:00,2757.1,15:15:00,2743.0,-14.099999999999909
2022-07-12,10:30:00,2732.95,15:15:00,2743.0,10.050000000000182
2022-07-12,09:30:00,2729.0,15:15:00,2743.0,14.0
2022-07-12,15:00:00,2755.85,15:15:00,2743.0,-12.849999999999909
2022-07-14,12:00:00,2738.5,15:00:00,2803.0071428571428,64.50714285714275
2022-07-15,13:30:00,2894.0,14:30:00,2842.796428571429,-51.203571428571195
2022-07-15,12:45:00,2897.3,15:15:00,2885.2,-12.100000000000364
2022-07-18,13:15:00,2973.1,14:45:00,2919.614285714286,-53.48571428571404
2022-07-19,11:45:00,2978.35,14:45:00,3026.1,47.75
2022-07-20,10:00:00,3028.5,10:45:00,3067.2,38.69999999999982
2022-07-19,12:45:00,2987.0,14:30:00,3012.3214285714284,25.32142857142844
2022-07-19,14:30:00,3019.65,15:15:00,3012.7,-6.950000000000273
2022-07-20,09:45:00,3028.0,10:45:00,3068.1785714285716,40.17857142857156
2022-07-20,10:30:00,3046.0,15:15:00,2988.057142857143,-57.942857142857065
2022-07-25,11:30:00,3011.15,15:15:00,2970.0,-41.15000000000009
2022-07-25,14:00:00,3006.5,14:45:00,2981.2678571428573,-25.232142857142662
2022-07-28,10:15:00,3002.5,11:45:00,2966.757142857143,-35.74285714285679
2022-07-29,13:00:00,3044.8,14:45:00,3062.307142857143,17.507142857142753
2022-07-28,15:00:00,3017.8,15:15:00,3013.95,-3.850000000000364
2022-07-29,14:45:00,3075.0,15:00:00,3096.9285714285716,21.92857142857156
2022-08-01,10:15:00,3134.4,10:45:00,3173.4785714285717,39.07857142857165
2022-08-01,13:15:00,3202.95,14:15:00,3256.828571428571,53.87857142857138
2022-08-02,15:00:00,3424.45,15:15:00,3425.0,0.5500000000001819
2022-08-03,10:30:00,3472.8,15:15:00,3529.5214285714287,56.72142857142853
2022-08-01,15:15:00,3271.0,15:15:00,3271.0,0.0
2022-08-03,14:00:00,3480.0,15:00:00,3503.2,23.199999999999818
2022-08-03,12:45:00,3472.0,15:00:00,3506.542857142857,34.542857142856974
2022-08-02,13:30:00,3380.0,15:00:00,3405.7428571428572,25.742857142857247
2022-08-03,14:30:00,3474.0,15:00:00,3498.635714285714,24.63571428571413
2022-08-02,11:15:00,3378.2,15:15:00,3425.0,46.80000000000018
2022-08-03,11:00:00,3493.95,15:15:00,3515.0,21.050000000000182
2022-08-05,10:30:00,3530.65,15:00:00,3467.864285714286,-62.78571428571422
2022-08-10,14:30:00,3412.7,15:00:00,3437.578571428571,24.878571428571377
2022-08-11,10:45:00,3450.0,15:00:00,3493.042857142857,43.042857142856974
2022-08-11,14:00:00,3466.7,14:45:00,3439.442857142857,-27.257142857142753
2022-08-11,15:00:00,3498.45,15:15:00,3510.0,11.550000000000182
2022-08-11,12:00:00,3457.95,15:00:00,3495.528571428571,37.578571428571195
2022-08-11,12:15:00,3460.25,15:00:00,3492.042857142857,31.792857142856974
2022-08-16,11:30:00,3565.0,15:15:00,3581.0,16.0
2022-08-12,12:00:00,3496.8,15:00:00,3539.171428571429,42.37142857142862
2022-08-12,10:00:00,3503.45,15:15:00,3547.535714285714,44.0857142857144
2022-08-17,13:00:00,3590.0,14:45:00,3611.3357142857144,21.335714285714403
2022-08-18,09:45:00,3594.0,13:30:00,3627.442857142857,33.442857142857065
2022-08-16,14:15:00,3559.7,14:45:00,3577.9214285714284,18.221428571428532
2022-08-17,11:00:00,3587.5,14:45:00,3619.2428571428572,31.742857142857247
2022-08-17,14:00:00,3588.65,14:30:00,3601.364285714286,12.71428571428578
2022-08-19,09:30:00,3616.95,10:15:00,3658.5,41.55000000000018
2022-08-19,13:00:00,3639.75,15:15:00,3612.0,-27.75
2022-08-19,14:15:00,3668.0,15:15:00,3612.0,-56.0
2022-08-24,10:15:00,3646.75,15:15:00,3699.5,52.75
2022-08-24,14:00:00,3681.9,15:15:00,3699.5,17.59999999999991
2022-08-25,13:15:00,3758.75,15:15:00,3678.4357142857143,-80.31428571428569
2022-08-25,12:00:00,3726.75,15:15:00,3680.0,-46.75
2022-08-26,10:30:00,3748.25,15:15:00,3762.7,14.449999999999818
2022-08-26,13:30:00,3760.0,15:15:00,3725.714285714286,-34.28571428571422
2022-08-26,15:15:00,3762.7,15:15:00,3762.7,0.0
2022-08-30,13:15:00,3945.0,15:00:00,3980.6,35.59999999999991
2022-08-30,10:30:00,3972.2,15:15:00,3979.0,6.800000000000182
2022-08-30,15:15:00,3979.0,15:15:00,3979.0,0.0
2022-09-06,11:45:00,3945.0,15:15:00,3961.0,16.0
2022-09-06,13:15:00,3944.0,15:00:00,3971.035714285714,27.03571428571422
2022-09-09,09:15:00,3946.05,11:45:00,3910.907142857143,-35.14285714285734
2022-09-08,13:30:00,3927.0,15:15:00,3926.1,-0.900000000000091
2022-09-06,15:15:00,3961.0,15:15:00,3961.0,0.0
2022-09-13,12:00:00,4005.75,15:15:00,4040.85,35.09999999999991
2022-09-13,14:00:00,4022.5,15:15:00,4040.85,18.34999999999991
2022-09-13,15:00:00,4039.9,15:15:00,4040.85,0.9499999999998181
2022-09-15,14:00:00,4159.7,15:15:00,4114.8,-44.899999999999636
2022-09-16,09:15:00,4204.65,13:00:00,4076.9249999999993,-127.72500000000036
2022-09-16,10:15:00,4194.0,13:00:00,4069.7464285714286,-124.25357142857138
2022-09-23,11:15:00,3964.95,15:15:00,3862.95,-102.0
2022-09-29,10:45:00,3667.25,14:45:00,3548.75,-118.5
2022-10-04,14:45:00,3330.0,15:15:00,3325.0,-5.0
2022-10-04,13:30:00,3317.4,15:15:00,3325.0,7.599999999999909
2022-10-06,12:45:00,3370.0,15:15:00,3354.0,-16.0
2022-10-18,11:30:00,3170.0,15:00:00,3224.792857142857,54.792857142856974
2022-10-18,14:45:00,3192.75,15:00:00,3216.264285714286,23.51428571428596
2022-10-21,12:45:00,3264.7,15:15:00,3260.0,-4.699999999999818
2022-10-28,11:00:00,3263.15,15:15:00,3266.05,2.900000000000091
2022-10-27,12:00:00,3234.9,15:15:00,3292.1,57.19999999999982
2022-11-01,14:30:00,3337.85,15:00:00,3363.907142857143,26.057142857142935
2022-10-31,14:45:00,3302.1,15:00:00,3328.2785714285715,26.17857142857156
2022-11-04,14:15:00,3318.55,15:15:00,3308.0,-10.550000000000182
2022-11-07,09:45:00,3331.0,10:00:00,3374.464285714286,43.46428571428578
2022-11-04,14:30:00,3312.8,15:15:00,3308.0,-4.800000000000182
2022-11-07,11:30:00,3333.95,15:15:00,3329.0,-4.949999999999818
2022-11-11,11:00:00,3300.0,15:15:00,3275.0,-25.0
2022-11-15,14:30:00,3287.45,15:15:00,3287.0,-0.4499999999998181
2022-11-16,14:45:00,3289.95,15:00:00,3264.7285714285713,-25.221428571428532
2022-11-29,11:00:00,2775.5,15:15:00,2790.0,14.5
2022-11-28,14:30:00,2746.9,14:45:00,2721.8285714285716,-25.07142857142844
2022-11-29,15:00:00,2782.0,15:15:00,2790.0,8.0
2022-11-29,12:15:00,2772.95,15:15:00,2790.0,17.050000000000182
2022-11-30,10:30:00,2814.85,15:00:00,2859.4357142857143,44.5857142857144
2022-11-29,13:45:00,2772.2,15:15:00,2791.85,19.65000000000009
2022-11-29,09:15:00,2803.45,15:15:00,2790.0,-13.449999999999818
2022-11-30,14:00:00,2825.0,14:15:00,2839.735714285714,14.735714285714039
2022-11-30,12:45:00,2819.1,14:30:00,2843.8642857142854,24.764285714285506
2022-12-06,11:45:00,2757.55,15:15:00,2778.1,20.549999999999727
2022-12-06,10:30:00,2763.65,15:15:00,2778.1,14.449999999999818
2022-12-06,15:00:00,2769.1,15:15:00,2778.1,9.0
2022-12-07,11:30:00,2766.3,15:00:00,2723.003571428572,-43.29642857142835
2022-12-12,12:15:00,2690.95,15:15:00,2688.0,-2.949999999999818
2022-12-12,14:15:00,2684.4,15:00:00,2705.785714285714,21.38571428571413
2022-12-13,09:30:00,2692.65,15:00:00,2650.232142857143,-42.417857142856974
2022-12-14,14:00:00,2686.7,14:30:00,2701.935714285714,15.235714285714039
2022-12-14,12:00:00,2687.55,15:15:00,2670.0,-17.550000000000182
2022-12-19,11:30:00,2647.0,15:15:00,2684.3071428571425,37.30714285714248
2022-12-19,13:45:00,2649.0,14:30:00,2662.307142857143,13.307142857142935
2022-12-20,12:15:00,2664.45,15:00:00,2690.95,26.5
2022-12-20,10:45:00,2661.5,15:00:00,2691.457142857143,29.957142857143026
2022-12-19,14:30:00,2661.0,15:00:00,2675.65,14.650000000000091
2022-12-21,10:30:00,2701.5,10:45:00,2733.528571428571,32.02857142857101
2022-12-27,09:15:00,2560.4,15:15:00,2490.0,-70.40000000000009
2022-12-26,14:00:00,2452.0,15:15:00,2477.0,25.0
2022-12-27,10:30:00,2542.0,15:15:00,2490.0,-52.0
2022-12-28,13:30:00,2549.75,15:15:00,2570.0,20.25
2022-12-28,12:00:00,2564.55,15:15:00,2570.0,5.449999999999818
2022-12-30,12:30:00,2680.0,15:00:00,2610.1428571428573,-69.85714285714266
2022-12-28,15:00:00,2552.0,15:15:00,2570.0,18.0
2022-12-30,13:30:00,2674.75,15:00:00,2627.425,-47.32499999999982
2023-01-06,10:30:00,2508.9,15:15:00,2508.95,0.04999999999972715
2023-01-09,09:30:00,2547.85,15:00:00,2584.1642857142856,36.31428571428569
2023-01-09,14:00:00,2562.3,15:00:00,2580.4500000000003,18.15000000000009
2023-01-10,10:45:00,2583.0,15:00:00,2622.085714285714,39.08571428571395
2023-01-09,15:15:00,2602.0,15:15:00,2602.0,0.0
2023-01-10,11:45:00,2590.0,15:00:00,2627.328571428571,37.328571428571195
2023-01-12,09:30:00,2612.5,15:15:00,2634.9,22.40000000000009
2023-01-12,15:15:00,2634.9,15:15:00,2634.9,0.0
2023-01-13,10:00:00,2632.0,15:00:00,2679.75,47.75
2023-01-13,12:45:00,2646.35,14:45:00,2670.135714285714,23.78571428571422
2023-01-13,14:15:00,2656.95,14:45:00,2676.4642857142853,19.514285714285506
2023-01-12,11:45:00,2618.45,15:15:00,2634.9,16.450000000000273
2023-01-16,10:45:00,2674.65,15:00:00,2718.8357142857144,44.18571428571431
2023-01-13,11:00:00,2632.85,15:00:00,2679.092857142857,46.24285714285725
2023-01-12,13:45:00,2619.45,14:45:00,2586.3214285714284,-33.12857142857138
2023-01-16,14:30:00,2687.55,15:00:00,2718.0,30.449999999999818
2023-01-17,09:15:00,2764.0,12:30:00,2693.4785714285713,-70.52142857142871
2023-01-17,10:45:00,2729.7,15:15:00,2712.0,-17.699999999999818
2023-01-20,10:15:00,2720.3,15:15:00,2732.0,11.699999999999818
2023-01-20,12:15:00,2712.7,14:45:00,2739.178571428571,26.478571428571286
2023-01-23,14:45:00,2781.05,15:15:00,2753.557142857143,-27.492857142857247
2023-01-23,13:00:00,2749.45,13:30:00,2765.2642857142855,15.814285714285688
2023-01-24,10:30:00,2795.0,15:15:00,2745.1464285714287,-49.853571428571286
2023-01-20,14:15:00,2717.25,14:45:00,2732.642857142857,15.392857142856883
2023-01-24,09:45:00,2773.35,15:15:00,2727.5464285714284,-45.80357142857156
2023-02-08,14:00:00,1314.8,15:15:00,1314.8,0.0
2023-02-08,12:15:00,1314.8,15:15:00,1314.8,0.0
2023-03-01,11:00:00,675.0,15:15:00,675.0,0.0
2023-03-02,11:30:00,708.75,15:15:00,708.75,0.0
2023-03-01,13:30:00,675.0,15:15:00,675.0,0.0
2023-03-16,10:45:00,962.75,15:15:00,974.75,12.0
2023-03-16,12:30:00,949.0,15:15:00,974.75,25.75
2023-03-16,09:45:00,943.65,15:15:00,974.75,31.100000000000023
2023-03-17,12:45:00,1015.1,15:15:00,1022.35,7.25
2023-03-20,11:00:00,1028.7,12:15:00,986.8178571428572,-41.88214285714287
2023-03-17,09:15:00,1009.45,15:15:00,1022.35,12.899999999999977
2023-03-21,14:15:00,1028.0,15:15:00,1000.7964285714286,-27.203571428571422
2023-03-21,13:00:00,1024.75,15:15:00,1004.4,-20.350000000000023
2023-03-22,09:15:00,1033.65,15:15:00,1035.0,1.349999999999909
2023-03-17,10:30:00,1022.35,15:15:00,1022.35,0.0
2023-03-24,11:00:00,1102.45,15:15:00,1129.9,27.450000000000045
2023-03-22,11:15:00,1033.0,15:15:00,1035.0,2.0
2023-03-24,15:15:00,1129.9,15:15:00,1129.9,0.0
2023-03-23,13:00:00,1084.4,15:15:00,1084.4,0.0
2023-03-29,15:15:00,1016.0,15:15:00,1016.0,0.0
2023-04-06,12:30:00,953.2,15:15:00,953.2,0.0
2023-04-17,14:00:00,1033.0,15:15:00,1041.0,8.0
2023-04-25,14:00:00,1013.35,14:45:00,1013.35,0.0
2023-04-28,10:45:00,1007.05,14:30:00,1022.2357142857143,15.185714285714312
2023-04-28,11:30:00,1012.3,14:30:00,1028.2642857142857,15.96428571428578
2023-05-02,11:30:00,1044.0,15:15:00,1022.9,-21.100000000000023
2023-04-28,13:30:00,1008.45,14:30:00,1024.95,16.5
2023-05-11,10:30:00,911.0,11:15:00,923.7214285714286,12.721428571428646
2023-05-11,13:15:00,913.0,13:45:00,922.6214285714286,9.621428571428623
2023-05-19,14:15:00,788.0,15:15:00,789.15,1.1499999999999773
2023-05-22,09:15:00,826.7,15:15:00,826.7,0.0
2023-06-05,11:00:00,829.0,15:15:00,824.7,-4.2999999999999545
2023-06-05,14:15:00,834.35,14:30:00,827.0428571428571,-7.307142857142935
2023-06-07,10:30:00,833.7,14:15:00,845.7428571428572,12.042857142857201
2023-06-07,14:00:00,839.75,14:15:00,846.7857142857143,7.035714285714334
2023-06-07,13:00:00,837.3,14:15:00,846.0928571428572,8.792857142857201
2023-06-08,09:15:00,841.55,11:30:00,826.967857142857,-14.582142857142912
2023-06-09,13:00:00,833.65,15:15:00,833.0,-0.6499999999999773
2023-06-12,09:15:00,834.0,15:15:00,831.55,-2.4500000000000455
2023-06-20,15:00:00,812.25,15:15:00,811.5,-0.75
2023-06-26,13:30:00,768.6,15:15:00,773.8,5.199999999999932
2023-06-26,14:00:00,768.7,15:15:00,774.3500000000001,5.650000000000091
2023-06-28,10:15:00,801.4,14:30:00,812.25,10.850000000000023
2023-06-28,13:45:00,801.0,14:30:00,810.2142857142858,9.21428571428578
2023-07-06,12:45:00,772.5,15:15:00,768.5,-4.0
2023-07-17,11:00:00,757.35,13:30:00,765.9071428571428,8.557142857142821
2023-07-17,13:15:00,762.05,13:30:00,767.5642857142857,5.514285714285734
2023-07-18,13:45:00,791.95,15:15:00,781.75,-10.200000000000045
2023-07-18,09:45:00,777.4,10:30:00,788.2142857142857,10.814285714285688
2023-07-18,09:15:00,770.95,10:00:00,780.7285714285715,9.778571428571468
2023-07-19,09:15:00,792.65,15:15:00,776.9,-15.75
2023-07-19,11:15:00,792.0,15:15:00,778.7464285714285,-13.25357142857149
2023-07-25,11:45:00,780.65,14:15:00,791.6928571428572,11.042857142857201
2023-07-25,09:45:00,778.0,10:00:00,783.3357142857143,5.335714285714289
2023-07-26,12:15:00,823.9,15:15:00,813.0,-10.899999999999977
2023-07-25,12:30:00,784.65,14:30:00,796.1142857142858,11.46428571428578
2023-07-25,14:00:00,790.35,14:30:00,799.4214285714286,9.071428571428555
2023-07-28,11:45:00,821.4,15:15:00,813.95,-7.449999999999932
2023-07-31,09:15:00,826.3,15:15:00,820.0,-6.2999999999999545
2023-08-04,09:45:00,795.8,15:15:00,795.0,-0.7999999999999545
2023-08-03,14:00:00,797.0,15:15:00,792.0,-5.0
2023-08-03,14:45:00,801.0,15:15:00,792.0,-9.0
2023-08-04,11:45:00,801.85,15:15:00,795.0,-6.850000000000023
2023-08-04,14:00:00,798.55,15:15:00,795.0,-3.5499999999999545
2023-08-08,09:45:00,826.75,15:15:00,819.0,-7.75
2023-08-07,12:30:00,807.05,14:00:00,823.1928571428571,16.14285714285711
2023-08-08,13:15:00,823.75,15:15:00,819.0,-4.75
2023-08-10,11:00:00,820.65,15:15:00,819.0,-1.6499999999999773
2023-08-10,12:30:00,823.05,15:15:00,819.0,-4.0499999999999545
2023-08-10,14:15:00,824.85,15:15:00,819.0,-5.850000000000023
2023-08-11,11:00:00,830.75,15:15:00,829.9,-0.8500000000000227
2023-08-11,09:30:00,824.5,15:15:00,829.9,5.399999999999977
2023-08-11,12:15:00,831.15,15:15:00,829.9,-1.25
2023-08-11,14:30:00,831.45,15:15:00,829.9,-1.5500000000000682
2023-08-10,13:30:00,820.4,15:15:00,819.0,-1.3999999999999773
2023-08-11,13:30:00,831.95,15:15:00,829.9,-2.050000000000068
2023-08-16,11:15:00,812.75,15:15:00,819.6,6.850000000000023
2023-08-17,09:15:00,826.0,09:30:00,833.6428571428571,7.64285714285711
2023-08-16,13:45:00,815.45,15:15:00,819.6,4.149999999999977
2023-08-17,13:15:00,827.1,15:15:00,820.0,-7.100000000000023
2023-08-18,11:00:00,847.2,11:30:00,859.6214285714286,12.421428571428578
2023-08-18,13:30:00,864.8,15:15:00,870.5,5.7000000000000455
2023-08-21,09:15:00,906.8,15:15:00,922.8,16.0
2023-08-22,11:15:00,940.0,15:00:00,963.8214285714286,23.821428571428555
2023-08-22,12:30:00,943.05,15:15:00,960.85,17.800000000000068
2023-08-21,12:00:00,914.5,15:15:00,922.8,8.299999999999955
2023-08-21,13:15:00,917.0,14:45:00,928.5357142857143,11.535714285714334
2023-08-22,15:15:00,960.85,15:15:00,960.85,0.0
2023-08-22,09:15:00,960.3,10:45:00,934.7249999999999,-25.575000000000045
2023-08-21,11:15:00,910.05,15:15:00,922.8,12.75
2023-08-21,14:45:00,925.05,15:15:00,922.8,-2.25
2023-09-01,12:00:00,825.05,15:15:00,824.6,-0.4499999999999318
2023-09-06,13:45:00,840.65,14:30:00,852.0142857142857,11.364285714285757
2023-09-11,13:15:00,859.2,14:30:00,873.8000000000001,14.600000000000023
2023-09-11,11:30:00,852.45,12:00:00,862.3357142857143,9.885714285714243
2023-09-07,10:30:00,851.8,15:15:00,835.9,-15.899999999999977
2023-09-01,13:00:00,830.5,15:15:00,824.6,-5.899999999999977
2023-09-12,12:30:00,864.2,15:15:00,849.65,-14.550000000000068
2023-09-14,13:30:00,844.8,15:00:00,853.2857142857142,8.485714285714266
2023-09-15,14:00:00,850.05,14:45:00,856.8642857142856,6.814285714285688
2023-09-15,14:30:00,850.95,14:45:00,857.6,6.649999999999977
2023-09-15,12:15:00,849.8,14:45:00,859.1642857142857,9.364285714285757
2023-09-18,11:45:00,856.25,15:15:00,854.15,-2.1000000000000227
2023-09-18,10:30:00,856.55,15:15:00,854.15,-2.3999999999999773
2023-09-18,09:30:00,852.25,15:15:00,854.15,1.8999999999999773
2023-09-14,14:30:00,849.5,15:15:00,849.9,0.39999999999997726
2023-09-18,13:15:00,857.8,15:15:00,854.15,-3.6499999999999773
2023-09-21,11:30:00,854.85,15:15:00,847.9,-6.9500000000000455
2023-09-28,13:30:00,828.45,15:00:00,834.2357142857143,5.785714285714221
2023-10-10,15:15:00,789.0,15:15:00,789.0,0.0
2023-10-20,10:45:00,771.6,15:15:00,762.75,-8.850000000000023
2023-10-27,13:00:00,754.8,14:15:00,761.8071428571428,7.007142857142867
2023-10-27,12:15:00,754.25,14:15:00,764.9142857142857,10.664285714285711
2023-10-27,11:45:00,753.4,14:15:00,764.6928571428571,11.292857142857088
2023-10-30,10:00:00,768.1,15:15:00,757.8,-10.300000000000068
2023-10-31,09:30:00,766.65,15:15:00,768.5,1.8500000000000227
2023-10-30,12:15:00,762.8,15:15:00,757.8,-5.0
2023-10-30,13:30:00,762.5,14:15:00,770.2928571428572,7.792857142857201
2023-10-31,11:15:00,766.4,15:15:00,768.5,2.1000000000000227
2023-10-31,13:30:00,766.2,15:00:00,770.2642857142857,4.064285714285688
2023-11-02,13:15:00,756.2,13:45:00,760.7357142857143,4.535714285714221
2023-11-03,09:15:00,765.0,15:15:00,766.5,1.5
2023-11-03,15:00:00,766.1,15:15:00,766.5,0.39999999999997726
2023-11-03,13:00:00,768.8,15:15:00,766.5,-2.2999999999999545
2023-11-06,11:15:00,771.8,15:15:00,775.0,3.2000000000000455
2023-11-07,10:30:00,775.75,12:30:00,765.1964285714286,-10.553571428571445
2023-11-06,13:00:00,773.3,15:15:00,775.0,1.7000000000000455
2023-11-10,14:00:00,759.1,15:15:00,762.0,2.8999999999999773
2023-11-12,18:15:00,769.1,19:00:00,768.5,-0.6000000000000227
2023-11-21,11:00:00,738.25,15:15:00,731.8,-6.4500000000000455
2023-11-28,11:15:00,862.95,15:15:00,874.9,11.949999999999932
2023-11-24,14:00:00,730.6,15:15:00,733.0,2.3999999999999773
2023-11-24,15:15:00,733.0,15:15:00,733.0,0.0
2023-11-29,13:30:00,908.5,15:15:00,871.9,-36.60000000000002
2023-11-28,15:00:00,859.85,15:15:00,874.9,15.049999999999955
2023-11-28,13:30:00,855.65,15:15:00,874.9,19.25
2023-12-04,11:15:00,906.9,15:15:00,905.0,-1.8999999999999773
2023-12-04,09:15:00,910.0,15:15:00,905.0,-5.0
2023-12-05,13:15:00,1048.35,15:15:00,1084.4,36.05000000000018
2023-12-06,12:00:00,1212.35,13:00:00,1109.3749999999998,-102.97500000000014
2023-12-07,09:15:00,1221.15,15:15:00,1197.85,-23.300000000000182
2023-12-05,14:45:00,1084.4,15:15:00,1084.4,0.0
2023-12-06,10:45:00,1237.15,13:00:00,1138.3214285714284,-98.82857142857165
2023-12-07,14:30:00,1199.45,15:15:00,1197.85,-1.6000000000001364
2023-12-11,15:00:00,1131.0,15:15:00,1132.0,1.0
2023-12-14,13:00:00,1065.0,14:45:00,1078.9071428571428,13.907142857142844
2023-12-15,09:45:00,1082.85,15:00:00,1056.5464285714284,-26.30357142857156
2023-12-15,13:15:00,1078.1,15:00:00,1060.667857142857,-17.432142857142935
2023-12-19,13:30:00,1079.55,15:15:00,1077.65,-1.8999999999998636
2023-12-20,09:30:00,1109.8,12:45:00,1075.5035714285714,-34.29642857142858
2023-12-22,13:00:00,1034.35,15:15:00,1029.0,-5.349999999999909
2023-12-26,14:15:00,1040.75,15:15:00,1043.0,2.25
2023-12-27,13:15:00,1054.9,15:15:00,1059.95,5.0499999999999545
2023-12-26,11:15:00,1044.5,15:15:00,1043.0,-1.5
2023-12-27,11:30:00,1057.05,15:15:00,1059.95,2.900000000000091
2024-01-02,15:00:00,1059.95,15:15:00,1058.0,-1.9500000000000455
2024-01-01,14:30:00,1060.55,15:15:00,1048.4107142857142,-12.139285714285734
2024-01-03,09:30:00,1190.8,09:45:00,1227.3142857142857,36.514285714285734
2024-01-10,10:45:00,1179.0,15:15:00,1171.85,-7.150000000000091
2024-01-10,11:30:00,1180.4,15:15:00,1171.85,-8.550000000000182
2024-01-09,13:45:00,1171.45,15:15:00,1164.9,-6.5499999999999545
2024-01-29,09:30:00,1112.6,09:45:00,1133.9571428571428,21.35714285714289
2024-01-29,12:45:00,1100.95,15:15:00,1099.75,-1.2000000000000455
2024-02-02,09:15:00,1082.5,13:45:00,1057.6535714285715,-24.846428571428532
2024-02-09,14:15:00,1059.2,15:15:00,1057.0,-2.2000000000000455
2024-02-12,12:30:00,1066.65,14:15:00,1089.564285714286,22.914285714285825
2024-02-12,09:15:00,1071.8,10:00:00,1049.6964285714284,-22.103571428571513
2024-02-14,14:00:00,1057.1,14:45:00,1041.9392857142857,-15.16071428571422
2024-02-16,10:15:00,1054.4,15:00:00,1064.6357142857144,10.235714285714266
2024-02-16,15:00:00,1061.1,15:15:00,1059.7,-1.3999999999998636
2024-02-19,10:30:00,1071.05,15:15:00,1075.0,3.9500000000000455
2024-02-16,12:15:00,1057.4,15:15:00,1059.7,2.2999999999999545
2024-02-19,11:30:00,1073.4,15:15:00,1075.0,1.599999999999909
2024-02-19,15:15:00,1075.0,15:15:00,1075.0,0.0
2024-02-19,13:00:00,1073.35,15:15:00,1075.0,1.650000000000091
2024-02-21,11:30:00,1072.35,15:15:00,1057.392857142857,-14.957142857142799
2024-02-21,09:30:00,1076.35,15:15:00,1063.4499999999998,-12.900000000000091
2024-02-23,12:00:00,1064.85,12:30:00,1075.5642857142857,10.71428571428578
2024-02-26,13:00:00,1149.8,13:30:00,1164.8357142857142,15.03571428571422
2024-02-26,09:15:00,1124.9,13:00:00,1148.7142857142858,23.81428571428569
2024-02-23,14:30:00,1081.05,15:15:00,1083.9,2.8500000000001364
2024-03-01,13:00:00,1082.0,15:15:00,1066.2285714285713,-15.771428571428714
2024-03-01,11:15:00,1081.0,15:15:00,1075.05,-5.9500000000000455
2024-03-02,12:15:00,1083.8,12:15:00,1083.8,0.0
2024-03-07,15:00:00,1072.55,15:15:00,1070.0,-2.5499999999999545
2024-03-11,11:15:00,1076.0,15:15:00,1062.5,-13.5
2024-03-11,12:45:00,1077.15,15:15:00,1062.5,-14.650000000000091
2024-03-07,14:15:00,1066.45,15:15:00,1070.0,3.5499999999999545
2024-03-14,13:15:00,1035.35,14:15:00,1054.1499999999999,18.799999999999955
2024-03-15,11:00:00,1047.0,15:15:00,1040.0,-7.0
2024-03-14,11:00:00,1026.1,15:15:00,1049.6,23.5
2024-03-21,09:30:00,1018.9,15:15:00,1009.0,-9.899999999999977
2024-03-22,13:30:00,1018.0,15:15:00,1014.0,-4.0
2024-03-20,14:45:00,1019.15,15:15:00,1008.8,-10.350000000000023
2024-03-22,14:45:00,1020.7,15:15:00,1014.0,-6.7000000000000455
2024-03-26,09:15:00,1047.0,15:15:00,1046.0,-1.0
2024-03-26,13:30:00,1054.2,15:15:00,1046.0,-8.200000000000045
2024-03-27,09:15:00,1050.6,15:00:00,1033.7785714285712,-16.82142857142867
2024-03-26,11:15:00,1046.65,15:15:00,1046.0,-0.650000000000091
2024-04-01,10:30:00,1075.5,13:15:00,1096.9285714285716,21.42857142857156
2024-04-01,09:30:00,1066.4,11:15:00,1087.2000000000003,20.800000000000182
2024-04-01,14:45:00,1105.65,15:15:00,1120.9285714285716,15.278571428571468
2024-04-01,13:15:00,1096.25,14:45:00,1111.9142857142856,15.664285714285597
2024-04-16,11:00:00,1042.55,15:00:00,1051.5928571428572,9.042857142857201
2024-04-22,10:45:00,1059.05,15:15:00,1047.05,-12.0
2024-04-23,12:00:00,1060.0,15:15:00,1044.9357142857143,-15.064285714285688
2024-04-26,09:30:00,1054.4,11:30:00,1062.2642857142857,7.864285714285643
2024-04-26,11:15:00,1053.45,11:30:00,1063.0785714285714,9.628571428571377
2024-04-29,11:00:00,1065.1,15:15:00,1060.0,-5.099999999999909
2024-04-30,09:30:00,1080.0,15:00:00,1063.6607142857142,-16.33928571428578
2024-04-26,14:15:00,1066.0,15:15:00,1061.0,-5.0
2024-04-29,13:00:00,1063.4,15:15:00,1060.0,-3.400000000000091
2024-05-03,13:30:00,1065.1,15:15:00,1060.0,-5.099999999999909
2024-04-30,11:00:00,1073.55,15:15:00,1064.9,-8.649999999999864
2024-05-03,12:30:00,1061.85,15:15:00,1060.0,-1.849999999999909
2024-05-03,14:30:00,1067.0,15:15:00,1060.0,-7.0
2024-05-15,10:45:00,1027.0,15:15:00,1024.5,-2.5
2024-05-14,10:15:00,992.9,10:45:00,1004.1357142857144,11.23571428571438
2024-05-17,10:00:00,1037.6,15:15:00,1034.0,-3.599999999999909
2024-05-17,14:30:00,1036.55,15:15:00,1034.0,-2.5499999999999545
2024-05-17,13:30:00,1036.05,15:15:00,1034.0,-2.0499999999999545
2024-05-21,10:00:00,1050.15,11:30:00,1061.4,11.25
2024-05-21,11:15:00,1058.4,12:00:00,1071.8000000000002,13.400000000000091
2024-05-18,09:15:00,1039.55,11:45:00,1043.7928571428572,4.242857142857247
2024-05-22,11:00:00,1072.0,15:00:00,1087.3785714285714,15.378571428571377
2024-05-22,12:30:00,1077.4,15:15:00,1085.4,8.0
2024-05-23,11:00:00,1090.75,11:15:00,1104.3285714285716,13.57857142857165
2024-05-23,10:00:00,1086.5,11:15:00,1099.0857142857144,12.585714285714403
2024-05-24,10:30:00,1132.75,15:15:00,1106.95,-25.799999999999955
2024-05-22,13:30:00,1075.95,15:00:00,1084.4,8.450000000000045
2024-05-22,14:45:00,1079.85,15:00:00,1087.7785714285715,7.9285714285715585
2024-05-24,09:15:00,1150.75,14:15:00,1112.392857142857,-38.35714285714289
2024-05-30,10:45:00,1097.0,15:15:00,1096.75,-0.25
2024-05-30,13:00:00,1101.8,15:15:00,1096.75,-5.0499999999999545
2024-06-03,09:15:00,1201.1,15:15:00,1227.0,25.90000000000009
2024-05-31,14:15:00,1138.2,15:15:00,1120.0,-18.200000000000045
2024-06-03,11:30:00,1217.8,15:15:00,1227.0,9.200000000000045
2024-05-31,10:45:00,1116.1,13:15:00,1132.607142857143,16.50714285714298
2024-05-31,13:00:00,1119.6,13:15:00,1131.5428571428572,11.942857142857292
2024-06-03,14:30:00,1227.45,15:15:00,1227.0,-0.4500000000000455
2024-06-03,13:30:00,1228.5,15:15:00,1227.0,-1.5
2024-06-06,13:30:00,1008.85,15:15:00,1002.9,-5.9500000000000455
2024-06-07,11:30:00,1011.15,13:15:00,1024.2714285714285,13.12142857142851
2024-06-06,14:45:00,1009.0,15:15:00,1002.9,-6.100000000000023
2024-06-10,10:30:00,1045.3,15:15:00,1024.9,-20.399999999999864
2024-06-10,13:00:00,1038.85,14:15:00,1026.1214285714284,-12.728571428571513
2024-06-07,12:45:00,1014.5,13:15:00,1023.3000000000001,8.800000000000068
2024-06-10,09:15:00,1054.0,15:15:00,1021.5035714285714,-32.49642857142862
2024-06-07,14:30:00,1032.6,15:15:00,1025.0,-7.599999999999909
2024-06-12,13:15:00,1025.05,15:15:00,1016.2642857142856,-8.785714285714334
2024-06-14,11:15:00,1028.85,15:15:00,1018.5,-10.349999999999909
2024-06-18,13:30:00,1027.0,15:15:00,1026.0,-1.0
2024-06-20,13:30:00,1018.5,15:15:00,1020.0,1.5
2024-06-20,15:15:00,1020.0,15:15:00,1020.0,0.0
2024-06-24,14:15:00,1016.8,15:15:00,1016.8,0.0
2024-06-25,10:00:00,1023.55,15:15:00,1013.3,-10.25
2024-06-26,11:00:00,1018.35,15:15:00,1003.1892857142857,-15.160714285714334
